EmployeeID,Age,Gender,MaritalStatus,Education,Department,JobRole,MonthlyIncome,YearsAtCompany,TotalWorkingYears,YearsInCurrentRole,Attrition
1,47,Male,Divorced,Bachelor's,Finance,Designer,5115,8,19,5,No
2,40,Male,Single,High School,Finance,Developer,10853,25,9,22,No
3,61,Male,Married,PhD,Sales,HR Specialist,11249,17,25,1,Yes
4,65,Male,Divorced,PhD,Sales,Developer,5000,20,30,12,No
5,34,Female,Married,PhD,Marketing,Manager,3876,16,12,2,No
6,56,Female,Single,High School,Marketing,HR Specialist,6586,19,20,3,No
7,43,Female,Married,High School,Marketing,HR Specialist,4002,22,15,17,Yes
8,47,Female,Divorced,Bachelor's,Marketing,Sales Representative,13930,1,5,0,No
9,25,Male,Married,High School,Sales,Sales Representative,3720,10,35,6,No
10,25,Female,Divorced,Master's,Sales,Designer,9915,21,37,21,No
11,49,Female,Single,High School,HR,Sales Representative,2593,11,10,6,Yes
12,37,Male,Single,Bachelor's,Sales,Sales Representative,13777,24,33,10,No
13,44,Female,Divorced,Bachelor's,Sales,Designer,12356,18,8,4,No
14,26,Male,Divorced,Bachelor's,Finance,Developer,5327,10,9,0,No
15,38,Female,Single,Master's,Finance,Analyst,2781,15,34,10,No
16,27,Female,Divorced,Bachelor's,Sales,Developer,4795,0,22,0,Yes
17,23,Female,Married,Bachelor's,IT,Sales Representative,7279,0,3,0,Yes
18,24,Male,Married,Bachelor's,Finance,Developer,7969,0,9,0,No
19,47,Female,Married,PhD,IT,Sales Representative,9249,9,18,4,No
20,49,Male,Married,Bachelor's,HR,Developer,6640,18,24,11,No
21,52,Male,Single,Master's,IT,Sales Representative,8715,8,20,4,No
22,44,Male,Single,High School,IT,Analyst,9564,7,25,7,Yes
23,55,Female,Divorced,Master's,IT,Sales Representative,6295,29,10,17,No
24,22,Male,Single,Bachelor's,Sales,Manager,13821,10,17,5,Yes
25,44,Male,Divorced,Bachelor's,HR,Manager,10729,28,9,20,Yes
26,45,Male,Divorced,Bachelor's,IT,Manager,5709,14,33,13,Yes
27,49,Male,Married,High School,HR,Sales Representative,11450,30,36,23,No
28,59,Female,Married,High School,IT,Designer,8031,21,6,21,Yes
29,59,Male,Married,Master's,Finance,Developer,12512,30,4,27,Yes
30,34,Female,Single,PhD,IT,HR Specialist,8478,10,32,3,Yes
31,28,Female,Divorced,Bachelor's,Sales,Manager,6386,28,17,6,No
32,59,Female,Divorced,High School,IT,Analyst,14528,4,29,0,No
33,42,Female,Married,Master's,Sales,Designer,11751,11,3,5,No
34,57,Female,Married,Bachelor's,Marketing,Developer,13316,10,23,5,No
35,29,Female,Married,PhD,HR,Analyst,2723,7,13,3,No
36,42,Male,Married,PhD,Marketing,Designer,14538,5,36,5,No
37,51,Female,Divorced,High School,HR,Analyst,9633,6,16,2,No
38,23,Female,Single,Master's,Finance,Analyst,9697,10,25,3,No
39,35,Female,Married,High School,Marketing,Analyst,3412,22,4,1,No
40,45,Male,Single,High School,Marketing,Analyst,11824,29,34,1,Yes
41,38,Male,Divorced,PhD,HR,Analyst,4301,5,23,2,No
42,31,Male,Married,Bachelor's,Finance,HR Specialist,4381,27,25,1,No
43,49,Female,Single,Bachelor's,IT,Designer,10831,26,30,6,Yes
44,65,Male,Single,PhD,IT,HR Specialist,9549,26,10,10,No
45,43,Female,Married,High School,Sales,Analyst,6639,15,30,3,No
46,31,Male,Married,Master's,IT,Manager,13652,17,27,7,Yes
47,29,Male,Divorced,PhD,Sales,HR Specialist,4418,19,27,14,No
48,24,Male,Divorced,Master's,Marketing,Sales Representative,12471,2,10,2,No
49,41,Male,Divorced,PhD,Sales,Manager,8829,26,26,3,Yes
50,61,Male,Single,Master's,HR,Designer,2994,29,1,10,No
51,50,Male,Married,PhD,Sales,Manager,4368,1,3,0,Yes
52,33,Male,Divorced,High School,Finance,Manager,12475,15,40,14,No
53,58,Female,Divorced,Bachelor's,Sales,Sales Representative,4500,13,22,6,Yes
54,40,Male,Single,PhD,IT,Sales Representative,2523,14,13,4,No
55,46,Female,Divorced,Master's,Finance,Manager,7707,17,37,12,No
56,55,Male,Single,Bachelor's,Marketing,Developer,9246,12,21,7,No
57,42,Female,Single,Bachelor's,Sales,HR Specialist,6498,17,19,11,Yes
58,27,Male,Divorced,High School,Sales,Developer,12696,3,4,0,No
59,62,Female,Single,PhD,Sales,Sales Representative,8556,1,25,1,No
60,37,Female,Married,PhD,Sales,Analyst,13748,17,30,13,No
61,58,Female,Divorced,Master's,IT,Designer,5735,11,17,1,Yes
62,44,Male,Married,Bachelor's,Finance,Developer,11969,5,39,3,Yes
63,45,Female,Single,Master's,IT,Developer,8784,19,10,11,Yes
64,55,Male,Single,High School,Finance,Manager,7988,3,26,0,Yes
65,49,Female,Divorced,High School,Marketing,Developer,5564,7,17,7,Yes
66,55,Male,Single,PhD,Finance,Designer,4331,22,28,11,No
67,58,Female,Single,High School,Sales,Analyst,5447,14,8,11,No
68,49,Female,Married,Bachelor's,Marketing,Sales Representative,13157,17,36,11,No
69,30,Male,Single,Master's,Sales,Designer,9026,15,32,6,No
70,57,Female,Single,Master's,Finance,Designer,10806,16,9,4,No
71,50,Female,Single,High School,Marketing,Developer,9976,0,2,0,Yes
72,23,Female,Single,Bachelor's,HR,Sales Representative,8265,9,29,9,Yes
73,32,Male,Divorced,High School,Finance,Analyst,2613,0,5,0,No
74,37,Male,Married,Bachelor's,IT,HR Specialist,14656,21,22,3,No
75,61,Male,Single,High School,HR,Developer,3806,0,24,0,Yes
76,28,Female,Single,High School,HR,Designer,12513,14,30,12,Yes
77,38,Male,Divorced,PhD,Sales,Developer,4907,1,14,0,No
78,64,Male,Divorced,Bachelor's,HR,Analyst,10357,17,40,3,Yes
79,53,Female,Single,PhD,HR,Analyst,6654,15,12,8,No
80,41,Female,Married,PhD,Marketing,Analyst,6945,25,40,23,Yes
81,33,Male,Single,Master's,Marketing,HR Specialist,5805,22,31,4,No
82,31,Male,Divorced,PhD,IT,Sales Representative,2798,7,7,1,No
83,50,Female,Divorced,High School,Marketing,Developer,7306,1,5,0,Yes
84,46,Male,Married,High School,Finance,Sales Representative,14980,28,34,17,No
85,60,Male,Divorced,PhD,Finance,Analyst,2586,24,22,16,No
86,43,Female,Married,High School,HR,Developer,8580,11,36,3,No
87,37,Female,Married,Bachelor's,IT,Developer,14697,19,19,18,Yes
88,37,Female,Divorced,High School,Sales,HR Specialist,10098,4,8,3,No
89,29,Female,Single,Master's,IT,Developer,2932,19,8,8,Yes
90,27,Male,Married,Bachelor's,Marketing,Manager,14781,22,3,2,No
91,50,Male,Single,Bachelor's,IT,Sales Representative,12471,25,2,14,Yes
92,54,Male,Single,Master's,HR,Developer,13764,21,14,12,No
93,60,Male,Married,High School,IT,Developer,7238,20,27,15,No
94,48,Male,Divorced,PhD,Finance,Developer,14783,26,2,18,Yes
95,36,Male,Divorced,Bachelor's,IT,Sales Representative,7389,18,14,7,No
96,40,Female,Married,High School,Marketing,Sales Representative,8559,4,27,0,Yes
97,45,Female,Married,Master's,HR,Developer,4221,10,15,8,No
98,56,Male,Married,Master's,Marketing,Developer,11283,26,2,20,Yes
99,37,Female,Divorced,Bachelor's,Finance,Manager,12206,30,23,25,No
100,30,Female,Married,PhD,Finance,HR Specialist,12350,23,36,3,Yes
101,31,Male,Married,Master's,HR,Sales Representative,6581,28,22,13,No
102,59,Female,Single,High School,HR,HR Specialist,6412,7,7,6,Yes
103,43,Female,Single,Master's,Marketing,Designer,10388,27,36,2,No
104,61,Male,Married,High School,HR,HR Specialist,11177,29,39,18,Yes
105,30,Female,Married,Bachelor's,IT,Sales Representative,8001,19,24,6,No
106,39,Female,Married,Master's,IT,HR Specialist,10463,12,31,6,No
107,45,Female,Married,High School,Sales,Sales Representative,14145,16,27,15,No
108,33,Female,Married,High School,Marketing,Sales Representative,5860,28,36,2,Yes
109,54,Female,Divorced,High School,Marketing,Manager,12709,2,13,1,No
110,27,Male,Married,Bachelor's,Finance,Developer,12341,25,19,17,Yes
111,37,Male,Divorced,Master's,IT,Manager,9225,27,21,13,No
112,47,Male,Divorced,High School,IT,Analyst,5240,23,23,2,No
113,65,Male,Married,Master's,IT,HR Specialist,9029,25,31,17,Yes
114,43,Male,Divorced,Master's,Sales,Sales Representative,8196,0,12,0,No
115,62,Female,Single,Master's,Finance,Sales Representative,2942,8,27,3,No
116,42,Male,Married,PhD,Finance,Analyst,5150,28,0,24,Yes
117,50,Female,Single,High School,Marketing,Analyst,13691,23,30,14,No
118,30,Female,Divorced,Master's,Finance,HR Specialist,5483,1,18,1,Yes
119,48,Female,Divorced,Master's,Finance,Manager,14925,8,21,7,Yes
120,42,Female,Divorced,Bachelor's,IT,Sales Representative,5311,29,11,25,No
121,24,Male,Married,Master's,Finance,HR Specialist,14745,10,31,3,Yes
122,36,Male,Married,High School,Finance,Developer,14275,6,14,2,Yes
123,37,Female,Single,Master's,HR,HR Specialist,13294,7,28,7,Yes
124,60,Male,Divorced,PhD,Finance,Sales Representative,6198,12,10,3,Yes
125,61,Female,Single,Bachelor's,Marketing,HR Specialist,2759,25,23,2,Yes
126,22,Female,Married,High School,Marketing,HR Specialist,14278,18,23,5,No
127,41,Female,Divorced,PhD,IT,Manager,7717,15,18,15,Yes
128,43,Male,Married,High School,Sales,HR Specialist,7637,20,6,8,Yes
129,24,Female,Single,PhD,Finance,Manager,12760,14,15,12,Yes
130,26,Male,Divorced,Bachelor's,Marketing,Developer,12483,22,23,7,No
131,43,Female,Single,Bachelor's,Finance,Manager,9396,2,8,2,Yes
132,28,Male,Married,Master's,Sales,Designer,14983,7,20,2,No
133,51,Female,Divorced,High School,HR,HR Specialist,10279,26,2,8,Yes
134,64,Male,Single,PhD,Marketing,Designer,7749,29,11,25,Yes
135,56,Male,Divorced,Bachelor's,HR,Developer,7721,19,14,17,No
136,58,Male,Single,Master's,IT,Analyst,3893,13,21,1,No
137,38,Male,Married,High School,HR,Developer,10990,27,23,21,No
138,28,Male,Single,Bachelor's,Marketing,Developer,9871,24,7,3,Yes
139,62,Female,Divorced,High School,Sales,Analyst,5822,2,34,0,No
140,59,Male,Divorced,Bachelor's,Marketing,Manager,7791,10,1,10,Yes
141,29,Female,Divorced,Master's,HR,HR Specialist,9055,11,36,8,Yes
142,34,Male,Married,High School,IT,Manager,7721,22,34,10,No
143,58,Male,Married,PhD,Marketing,Sales Representative,13415,28,28,28,No
144,54,Female,Divorced,PhD,Marketing,Developer,11448,13,3,10,Yes
145,28,Male,Married,Bachelor's,IT,Designer,12935,15,36,14,Yes
146,40,Female,Divorced,Bachelor's,IT,HR Specialist,14086,1,32,1,Yes
147,59,Female,Divorced,Bachelor's,Marketing,Analyst,10524,21,32,1,Yes
148,25,Female,Divorced,PhD,Sales,Sales Representative,13177,11,20,2,No
149,44,Female,Single,High School,Finance,Designer,2970,19,35,10,Yes
150,65,Male,Single,Master's,Sales,Analyst,14848,27,16,13,Yes
151,26,Male,Married,Bachelor's,Sales,Developer,13905,16,6,1,No
152,61,Male,Single,High School,Sales,Sales Representative,5609,16,38,11,Yes
153,50,Male,Divorced,Bachelor's,Sales,Designer,9525,30,31,7,No
154,25,Female,Married,PhD,IT,Developer,10988,6,20,0,Yes
155,51,Female,Single,Bachelor's,Sales,Designer,4132,9,1,5,Yes
156,23,Female,Divorced,Bachelor's,Marketing,HR Specialist,8735,19,14,9,Yes
157,26,Female,Married,PhD,IT,Analyst,7731,8,32,8,Yes
158,27,Male,Single,Master's,HR,Analyst,12556,0,1,0,No
159,35,Female,Single,Master's,Marketing,HR Specialist,6772,0,17,0,No
160,22,Female,Divorced,PhD,HR,Sales Representative,2907,29,32,23,No
161,56,Male,Divorced,Master's,Finance,Developer,6026,7,6,7,No
162,32,Male,Married,Master's,Marketing,HR Specialist,14036,3,25,1,No
163,28,Female,Married,Master's,IT,Sales Representative,2956,1,0,0,Yes
164,34,Male,Divorced,Bachelor's,Sales,Designer,10292,25,4,1,Yes
165,63,Male,Divorced,PhD,IT,Analyst,11137,17,31,12,No
166,44,Male,Married,High School,Finance,Analyst,8348,10,9,4,Yes
167,45,Female,Married,High School,Sales,Sales Representative,10387,10,1,8,No
168,59,Male,Married,Master's,Finance,Manager,6485,5,38,2,Yes
169,51,Male,Divorced,Master's,IT,HR Specialist,4929,4,33,3,No
170,54,Male,Divorced,High School,Sales,Manager,8108,19,23,12,Yes
171,30,Male,Married,Bachelor's,Sales,Designer,4994,7,5,5,Yes
172,34,Male,Single,Bachelor's,Finance,Designer,12714,13,17,9,No
173,55,Male,Divorced,Master's,IT,Manager,6767,26,23,22,No
174,55,Female,Divorced,High School,Marketing,Sales Representative,4639,20,11,20,Yes
175,52,Female,Divorced,PhD,HR,Analyst,14514,23,22,18,Yes
176,50,Female,Divorced,PhD,Finance,Manager,11438,10,6,8,Yes
177,22,Male,Married,PhD,Marketing,Manager,7015,20,7,13,Yes
178,55,Female,Single,Master's,HR,Manager,9309,21,31,4,Yes
179,64,Male,Married,Master's,Sales,Designer,5410,21,24,21,Yes
180,62,Male,Divorced,Bachelor's,Finance,Sales Representative,3830,25,7,17,No
181,30,Female,Divorced,Master's,Sales,HR Specialist,13516,16,3,12,Yes
182,33,Male,Divorced,Master's,HR,HR Specialist,6982,1,38,1,No
183,52,Female,Divorced,High School,Finance,Manager,8316,13,13,5,No
184,49,Male,Single,Master's,Sales,Developer,9632,29,14,4,No
185,48,Female,Divorced,Bachelor's,Marketing,HR Specialist,10625,8,14,4,Yes
186,26,Female,Married,High School,Marketing,Sales Representative,5395,19,35,7,Yes
187,46,Male,Divorced,High School,HR,Manager,12333,25,23,4,No
188,64,Male,Divorced,Bachelor's,Marketing,HR Specialist,6629,20,22,9,No
189,32,Male,Divorced,Master's,HR,Designer,8527,25,37,10,Yes
190,54,Female,Single,Master's,Sales,Manager,14077,8,29,1,Yes
191,30,Male,Married,High School,Sales,Manager,14116,3,22,0,Yes
192,64,Male,Divorced,High School,IT,HR Specialist,9697,28,6,8,No
193,34,Female,Single,Bachelor's,HR,Developer,11174,17,36,17,No
194,45,Female,Married,Master's,HR,Developer,3137,25,11,0,No
195,27,Male,Married,High School,Finance,Designer,5871,11,35,4,No
196,50,Male,Divorced,Bachelor's,HR,Designer,4578,22,26,10,No
197,30,Male,Divorced,Master's,Sales,Manager,12767,5,11,0,No
198,57,Female,Single,Bachelor's,Sales,Manager,6925,13,23,3,Yes
199,45,Female,Married,PhD,Sales,Sales Representative,10664,6,2,3,Yes
200,28,Male,Married,Bachelor's,HR,Designer,10338,30,22,23,Yes
201,23,Male,Divorced,Master's,Marketing,Manager,3352,25,23,11,Yes
202,47,Female,Married,High School,Sales,Designer,4811,16,37,7,No
203,26,Male,Married,Master's,IT,HR Specialist,4897,25,14,2,Yes
204,23,Male,Divorced,PhD,Marketing,Sales Representative,4607,22,34,2,Yes
205,62,Male,Divorced,PhD,IT,Analyst,14414,0,38,0,No
206,25,Male,Divorced,Master's,Finance,Analyst,10719,8,10,7,Yes
207,42,Male,Divorced,Bachelor's,Finance,HR Specialist,12917,30,13,23,Yes
208,56,Male,Single,Master's,IT,Analyst,7743,20,21,15,No
209,41,Male,Single,Master's,Sales,Developer,8759,11,34,2,No
210,27,Male,Divorced,PhD,Sales,Designer,6306,11,30,6,No
211,34,Male,Single,High School,Marketing,Analyst,11426,6,7,3,No
212,25,Female,Divorced,PhD,Finance,Manager,12956,5,30,3,Yes
213,22,Male,Single,Bachelor's,HR,Manager,6437,15,23,14,Yes
214,61,Male,Divorced,High School,Marketing,Sales Representative,5925,6,3,6,No
215,41,Female,Divorced,Master's,IT,Designer,14327,16,6,8,No
216,29,Male,Divorced,High School,IT,HR Specialist,5081,29,31,15,Yes
217,25,Male,Married,Bachelor's,Sales,Sales Representative,10132,30,28,12,No
218,33,Male,Single,Bachelor's,Sales,Developer,3481,2,26,1,No
219,29,Female,Single,PhD,Sales,Designer,11251,2,11,2,Yes
220,53,Female,Single,High School,IT,Designer,3803,27,6,10,Yes
221,53,Male,Single,Bachelor's,Marketing,HR Specialist,3476,16,36,10,No
222,56,Male,Divorced,Bachelor's,HR,HR Specialist,3849,10,32,9,Yes
223,63,Male,Single,PhD,Finance,HR Specialist,3680,17,22,10,No
224,41,Female,Married,High School,Sales,Developer,13219,25,11,9,No
225,51,Male,Married,PhD,Marketing,HR Specialist,2637,11,7,3,No
226,48,Male,Single,PhD,Sales,Analyst,3434,1,22,0,No
227,50,Female,Divorced,High School,Sales,Designer,6095,3,6,1,Yes
228,55,Male,Married,PhD,HR,HR Specialist,12879,24,21,17,No
229,51,Male,Married,Bachelor's,Finance,Designer,3550,16,28,15,Yes
230,29,Male,Married,Bachelor's,IT,Designer,4771,17,14,2,Yes
231,31,Female,Single,Bachelor's,Sales,Designer,8685,10,34,6,No
232,65,Male,Divorced,PhD,HR,Developer,3073,27,30,16,Yes
233,38,Male,Divorced,Master's,Sales,Developer,6390,30,32,14,Yes
234,30,Female,Single,PhD,Sales,Manager,8595,17,4,14,Yes
235,49,Female,Divorced,High School,Finance,Manager,4573,3,22,2,Yes
236,23,Male,Single,High School,Marketing,Developer,4472,28,29,23,No
237,43,Female,Married,High School,Sales,Sales Representative,4520,20,26,4,Yes
238,53,Male,Married,High School,Finance,Sales Representative,2838,15,4,10,Yes
239,27,Female,Married,PhD,IT,Analyst,3399,19,0,18,No
240,33,Male,Divorced,PhD,Sales,Sales Representative,12993,15,34,9,Yes
241,38,Female,Divorced,Master's,Finance,Sales Representative,13236,14,7,12,Yes
242,50,Male,Single,High School,Finance,Manager,8677,17,12,8,No
243,28,Female,Divorced,Master's,Marketing,Sales Representative,4551,30,39,24,No
244,34,Male,Single,Master's,Marketing,Designer,7371,18,34,9,No
245,54,Male,Married,PhD,Finance,Sales Representative,9611,17,32,10,Yes
246,30,Male,Single,PhD,Sales,HR Specialist,2521,16,7,8,Yes
247,35,Female,Single,High School,HR,Analyst,4379,1,34,1,No
248,37,Female,Single,PhD,IT,Analyst,14487,9,3,4,No
249,32,Male,Married,PhD,Sales,HR Specialist,6156,5,10,4,Yes
250,34,Male,Married,Bachelor's,HR,Manager,10936,0,17,0,Yes
251,41,Female,Single,Master's,Sales,Sales Representative,7806,24,10,8,No
252,50,Female,Married,PhD,IT,Manager,2825,21,36,5,No
253,61,Male,Married,PhD,IT,HR Specialist,12461,9,10,6,No
254,35,Female,Married,Master's,Marketing,HR Specialist,4302,13,16,6,Yes
255,43,Male,Divorced,PhD,Sales,Manager,3260,16,20,15,Yes
256,27,Female,Married,High School,IT,HR Specialist,4341,30,4,7,No
257,29,Female,Single,High School,HR,Developer,3675,27,17,2,No
258,51,Female,Single,PhD,IT,Developer,11226,2,22,0,Yes
259,57,Female,Single,PhD,HR,Sales Representative,7535,27,32,20,No
260,26,Male,Divorced,PhD,Marketing,Developer,10487,14,11,12,No
261,64,Male,Single,PhD,Finance,Designer,13103,3,33,2,Yes
262,47,Female,Single,Bachelor's,Marketing,Manager,11196,22,19,21,Yes
263,28,Male,Divorced,High School,IT,Analyst,7750,0,9,0,No
264,62,Female,Single,PhD,HR,Developer,4886,1,36,0,Yes
265,47,Female,Divorced,High School,IT,Analyst,4314,1,39,0,No
266,37,Male,Single,Bachelor's,Sales,Developer,2655,0,14,0,Yes
267,51,Female,Divorced,High School,Finance,Developer,10014,3,23,3,No
268,57,Male,Divorced,High School,Marketing,Analyst,3574,4,31,2,Yes
269,56,Female,Divorced,High School,IT,Analyst,11892,19,9,9,Yes
270,61,Male,Married,PhD,HR,Analyst,14803,25,30,14,No
271,50,Female,Divorced,High School,Sales,Sales Representative,13375,28,18,0,No
272,27,Female,Single,Bachelor's,Finance,Sales Representative,12198,15,7,11,Yes
273,23,Male,Single,Master's,HR,Manager,14976,9,0,0,Yes
274,25,Male,Divorced,PhD,Marketing,Manager,6579,28,23,17,No
275,65,Male,Divorced,Bachelor's,IT,Developer,7514,0,38,0,No
276,38,Female,Divorced,PhD,Finance,Sales Representative,12945,29,14,29,No
277,23,Female,Single,PhD,IT,Sales Representative,2611,1,35,1,No
278,23,Male,Married,Master's,Finance,HR Specialist,13074,27,2,15,Yes
279,38,Male,Single,PhD,Finance,Manager,12027,29,23,17,No
280,50,Female,Single,Bachelor's,Finance,Developer,9586,1,22,1,No
281,47,Male,Single,High School,Finance,Designer,10203,29,33,10,No
282,55,Female,Divorced,Master's,Sales,Sales Representative,5391,29,24,24,Yes
283,64,Female,Married,PhD,Finance,Sales Representative,13518,12,13,7,Yes
284,35,Female,Single,High School,Finance,Developer,12791,28,33,21,No
285,34,Male,Married,PhD,Finance,HR Specialist,3197,12,39,12,No
286,37,Male,Divorced,Bachelor's,HR,Designer,13150,14,37,12,Yes
287,41,Female,Divorced,Master's,Finance,Manager,2761,30,14,21,Yes
288,32,Male,Married,PhD,HR,Developer,3758,18,38,7,No
289,29,Male,Married,Master's,Marketing,Sales Representative,5184,28,21,3,No
290,46,Male,Married,Bachelor's,Marketing,Analyst,11239,27,16,4,Yes
291,53,Male,Married,Master's,HR,Sales Representative,6468,29,5,25,Yes
292,59,Female,Married,Master's,Sales,Manager,12742,6,9,6,No
293,56,Male,Married,PhD,HR,Analyst,12134,3,31,0,Yes
294,45,Male,Married,Master's,HR,Designer,6034,1,39,1,No
295,54,Male,Divorced,Master's,Sales,Sales Representative,4725,20,17,5,No
296,64,Male,Divorced,High School,IT,Developer,14227,28,21,9,No
297,55,Female,Married,Bachelor's,Finance,Sales Representative,11726,25,37,0,Yes
298,46,Female,Divorced,Bachelor's,HR,Analyst,6507,10,10,5,Yes
299,64,Female,Married,High School,Sales,Manager,2962,12,27,7,Yes
300,37,Female,Divorced,Bachelor's,IT,Designer,12280,8,29,8,No
301,50,Male,Married,Master's,Marketing,HR Specialist,9846,3,17,1,Yes
302,49,Male,Divorced,Bachelor's,IT,Analyst,10309,28,28,6,No
303,41,Female,Divorced,PhD,IT,Designer,9231,2,21,1,No
304,48,Female,Single,Bachelor's,Finance,Developer,9902,12,34,0,No
305,43,Female,Single,High School,HR,Manager,8668,11,27,1,No
306,22,Male,Divorced,High School,Sales,Manager,3643,1,12,0,No
307,28,Female,Married,High School,Marketing,Analyst,14665,0,22,0,No
308,31,Female,Divorced,Master's,HR,Analyst,9065,16,28,2,No
309,55,Female,Divorced,Bachelor's,IT,Analyst,11476,14,11,3,Yes
310,49,Male,Married,High School,Marketing,HR Specialist,14359,7,35,1,Yes
311,26,Female,Married,High School,Finance,Designer,12098,21,6,18,No
312,62,Female,Single,Master's,HR,Analyst,11011,23,26,4,No
313,23,Female,Single,High School,IT,HR Specialist,6740,12,12,12,No
314,22,Male,Divorced,High School,Sales,Manager,4496,7,23,0,Yes
315,33,Female,Divorced,Master's,Finance,Developer,7544,3,32,0,No
316,42,Female,Married,Bachelor's,Sales,Sales Representative,13179,21,5,2,Yes
317,44,Male,Married,High School,IT,Manager,10971,21,20,21,Yes
318,26,Female,Single,PhD,Sales,Analyst,3384,25,0,16,No
319,23,Female,Divorced,High School,Sales,Manager,14177,15,38,11,No
320,53,Female,Single,High School,IT,HR Specialist,6495,27,6,12,No
321,23,Female,Divorced,Master's,Sales,Analyst,12501,8,2,8,Yes
322,46,Male,Divorced,PhD,IT,Developer,13341,0,26,0,No
323,38,Male,Divorced,PhD,HR,Designer,8943,11,17,3,Yes
324,24,Female,Married,Bachelor's,Finance,Analyst,4488,21,25,8,No
325,34,Male,Divorced,High School,IT,Sales Representative,5914,9,28,3,Yes
326,46,Female,Single,Master's,IT,Sales Representative,10710,15,16,12,No
327,27,Female,Divorced,Bachelor's,HR,Sales Representative,11310,21,27,10,No
328,23,Male,Single,High School,Sales,Analyst,14101,7,37,4,No
329,44,Female,Married,PhD,HR,Developer,13299,17,20,4,Yes
330,51,Female,Divorced,Master's,Finance,Analyst,3221,15,36,6,No
331,30,Female,Single,High School,HR,Developer,11185,18,30,12,Yes
332,40,Female,Married,Master's,Marketing,Manager,13124,22,28,3,Yes
333,43,Female,Divorced,Bachelor's,Sales,Sales Representative,14877,18,3,12,No
334,43,Female,Divorced,Master's,Marketing,Sales Representative,14185,2,2,2,No
335,24,Male,Single,High School,IT,Manager,14977,22,8,16,No
336,43,Male,Married,Bachelor's,Sales,Developer,8064,4,20,4,Yes
337,37,Female,Single,Master's,Finance,Developer,6028,24,36,20,No
338,27,Male,Single,Master's,Finance,Analyst,4989,17,7,7,Yes
339,63,Female,Married,PhD,Sales,Developer,2881,25,5,18,No
340,35,Male,Divorced,Master's,IT,Analyst,5023,27,18,0,No
341,33,Male,Divorced,Bachelor's,Marketing,Developer,13600,19,17,5,No
342,24,Male,Single,PhD,Sales,Developer,8801,0,21,0,No
343,33,Male,Single,Master's,Marketing,HR Specialist,11868,17,5,11,Yes
344,26,Male,Married,High School,Finance,Sales Representative,4565,14,3,12,Yes
345,38,Female,Single,High School,Finance,HR Specialist,6157,9,18,0,Yes
346,46,Female,Divorced,Master's,IT,Analyst,11496,28,16,2,No
347,41,Male,Married,PhD,HR,Manager,10607,23,34,3,Yes
348,25,Male,Married,High School,Finance,Analyst,12921,7,25,5,Yes
349,61,Male,Divorced,Bachelor's,Sales,Sales Representative,4059,15,18,12,Yes
350,50,Male,Divorced,Bachelor's,Sales,HR Specialist,10618,14,26,5,No
351,61,Female,Married,Master's,IT,Developer,13149,30,23,23,No
352,25,Male,Divorced,PhD,HR,Manager,2858,1,29,0,Yes
353,61,Male,Single,PhD,Marketing,Developer,8146,24,31,21,No
354,55,Female,Divorced,Master's,IT,Manager,14960,10,11,7,No
355,52,Female,Single,High School,Marketing,Sales Representative,9948,17,17,4,Yes
356,52,Male,Single,PhD,Finance,HR Specialist,13153,26,0,26,No
357,65,Male,Divorced,High School,Finance,Developer,11378,8,36,8,Yes
358,56,Female,Married,Bachelor's,Finance,Manager,6224,8,1,6,Yes
359,57,Male,Married,Master's,Finance,HR Specialist,14964,9,36,5,Yes
360,58,Female,Divorced,Bachelor's,Finance,HR Specialist,4276,13,40,2,Yes
361,37,Male,Divorced,PhD,Finance,Designer,4343,2,39,2,No
362,40,Female,Divorced,Master's,IT,HR Specialist,5869,21,4,2,Yes
363,56,Male,Married,Bachelor's,Marketing,Sales Representative,11587,7,27,4,Yes
364,50,Male,Married,Master's,Marketing,Developer,10310,4,0,2,No
365,43,Female,Married,Bachelor's,IT,Analyst,14738,21,12,13,No
366,36,Male,Single,PhD,HR,Manager,11501,17,29,3,Yes
367,42,Male,Married,Master's,HR,Manager,2638,20,8,6,Yes
368,46,Female,Married,High School,Marketing,Manager,4037,30,25,8,No
369,60,Female,Divorced,PhD,HR,HR Specialist,12253,29,34,1,No
370,25,Male,Married,Bachelor's,Sales,Manager,11393,13,19,10,No
371,56,Male,Single,PhD,Marketing,HR Specialist,9179,3,4,2,Yes
372,28,Female,Single,Master's,Sales,Analyst,10604,0,26,0,Yes
373,28,Male,Married,PhD,Finance,Designer,8070,5,3,0,No
374,40,Female,Divorced,PhD,Finance,Manager,5424,2,31,1,Yes
375,49,Female,Single,PhD,IT,Developer,11754,0,1,0,No
376,61,Female,Single,PhD,Marketing,Analyst,5076,26,40,5,No
377,63,Female,Married,High School,Sales,HR Specialist,11850,8,20,8,No
378,32,Male,Single,Master's,IT,Analyst,13515,26,28,10,No
379,24,Male,Divorced,Bachelor's,IT,Developer,3350,17,17,5,No
380,29,Male,Married,Master's,Finance,HR Specialist,13165,0,23,0,Yes
381,47,Female,Divorced,High School,Sales,Designer,11971,4,36,2,No
382,53,Female,Married,Bachelor's,Sales,Sales Representative,8288,21,16,4,No
383,26,Female,Divorced,Bachelor's,HR,Sales Representative,4370,3,22,3,No
384,31,Male,Married,Master's,Sales,Developer,14621,15,34,9,Yes
385,33,Male,Married,Master's,Marketing,HR Specialist,9837,22,18,11,Yes
386,61,Female,Divorced,Bachelor's,Marketing,HR Specialist,11641,13,30,9,Yes
387,38,Female,Single,Master's,Sales,Sales Representative,3867,14,12,5,Yes
388,36,Male,Married,Master's,Sales,Sales Representative,10187,20,20,5,No
389,59,Female,Divorced,Master's,Sales,Designer,7436,12,18,3,No
390,62,Male,Divorced,Bachelor's,IT,Designer,10426,7,12,5,Yes
391,57,Female,Divorced,High School,HR,Developer,9722,0,28,0,No
392,56,Female,Divorced,PhD,IT,Manager,4259,3,20,3,Yes
393,65,Male,Single,PhD,Sales,HR Specialist,3630,29,40,29,No
394,28,Female,Married,PhD,Finance,Developer,5186,3,10,1,Yes
395,37,Male,Single,Bachelor's,Marketing,Manager,9379,13,25,11,Yes
396,55,Female,Single,Master's,Marketing,Developer,7565,0,11,0,No
397,24,Female,Married,Master's,Sales,Sales Representative,4609,25,27,19,Yes
398,28,Female,Single,Master's,HR,Manager,12378,5,3,2,Yes
399,28,Female,Single,PhD,Sales,Designer,11238,3,31,2,No
400,34,Male,Divorced,High School,Marketing,HR Specialist,6521,29,38,1,No
401,27,Male,Divorced,Bachelor's,Finance,Developer,9528,6,6,1,Yes
402,29,Female,Married,PhD,Marketing,Developer,10994,22,19,17,Yes
403,43,Female,Divorced,Bachelor's,HR,HR Specialist,10810,7,19,6,No
404,53,Female,Married,High School,IT,Analyst,5137,18,0,3,Yes
405,33,Male,Divorced,High School,IT,Sales Representative,5624,29,20,14,Yes
406,51,Female,Married,PhD,Finance,Sales Representative,12990,27,36,16,Yes
407,51,Male,Married,Bachelor's,Finance,HR Specialist,4984,17,28,1,No
408,36,Female,Married,High School,IT,Designer,14290,28,28,13,Yes
409,64,Female,Married,PhD,IT,Manager,7586,13,26,2,No
410,43,Male,Married,PhD,Sales,Developer,12353,12,23,3,No
411,53,Female,Divorced,PhD,Finance,Sales Representative,5369,5,0,2,No
412,56,Male,Single,High School,Marketing,Analyst,9794,21,5,9,No
413,51,Female,Married,Master's,IT,Designer,4314,1,32,1,Yes
414,36,Male,Single,PhD,Sales,Sales Representative,13214,5,6,1,Yes
415,57,Male,Single,PhD,Marketing,Developer,14870,6,16,6,No
416,52,Male,Divorced,PhD,HR,Designer,13526,9,38,9,Yes
417,24,Male,Divorced,Bachelor's,Sales,Developer,4457,27,22,12,No
418,52,Female,Single,Bachelor's,Sales,Designer,8291,10,21,3,No
419,45,Male,Married,High School,Marketing,Sales Representative,12913,12,3,6,No
420,40,Male,Divorced,Bachelor's,Finance,HR Specialist,3546,13,23,3,Yes
421,56,Female,Divorced,Master's,Marketing,Analyst,13211,23,13,11,No
422,37,Male,Married,PhD,Sales,HR Specialist,5110,11,24,4,Yes
423,62,Female,Married,Bachelor's,Finance,Developer,10880,7,26,7,Yes
424,28,Male,Married,Master's,IT,Manager,10309,12,20,12,No
425,39,Female,Married,High School,Marketing,Manager,4813,12,34,8,Yes
426,36,Female,Married,Master's,HR,HR Specialist,6261,14,2,5,Yes
427,37,Female,Married,High School,HR,Manager,10766,8,6,8,Yes
428,57,Male,Married,Bachelor's,Marketing,Sales Representative,6262,29,5,14,No
429,43,Female,Married,Master's,Marketing,Sales Representative,14975,22,30,13,Yes
430,46,Female,Divorced,High School,Finance,Sales Representative,9671,30,39,6,Yes
431,56,Male,Married,Bachelor's,HR,Analyst,12531,12,10,10,No
432,50,Female,Divorced,Bachelor's,HR,Manager,5721,27,5,18,Yes
433,59,Female,Married,High School,HR,Manager,6602,11,27,7,Yes
434,58,Male,Married,Bachelor's,Sales,Analyst,14840,17,34,14,Yes
435,47,Female,Divorced,High School,Sales,Manager,9321,27,22,21,No
436,42,Female,Married,Bachelor's,HR,Designer,14192,18,23,2,No
437,40,Male,Married,High School,HR,HR Specialist,14587,17,24,14,No
438,43,Male,Divorced,Master's,HR,Sales Representative,6630,29,29,28,No
439,46,Female,Divorced,PhD,Finance,Manager,12736,21,31,1,Yes
440,62,Male,Divorced,Master's,Marketing,Manager,7325,22,40,18,No
441,30,Male,Married,High School,IT,HR Specialist,12304,3,27,3,Yes
442,40,Female,Single,High School,HR,Analyst,12369,30,2,12,Yes
443,65,Female,Divorced,PhD,Marketing,Sales Representative,13072,26,16,3,No
444,50,Male,Single,High School,Sales,Developer,10297,29,3,26,Yes
445,61,Female,Divorced,Master's,Sales,Sales Representative,13366,3,11,1,Yes
446,40,Female,Divorced,Master's,HR,HR Specialist,5182,26,1,4,No
447,48,Female,Married,Bachelor's,HR,Sales Representative,10720,30,28,22,No
448,61,Female,Married,Bachelor's,HR,Designer,8219,25,3,17,No
449,46,Male,Married,Master's,HR,Sales Representative,9906,22,9,11,No
450,22,Male,Married,Bachelor's,HR,Sales Representative,12750,16,19,11,No
451,32,Female,Divorced,Master's,Sales,Manager,6486,29,37,16,No
452,57,Male,Divorced,PhD,Finance,Designer,9041,23,40,20,Yes
453,54,Female,Single,PhD,Finance,Developer,12063,0,33,0,Yes
454,62,Female,Married,PhD,HR,Developer,3917,20,22,11,Yes
455,25,Female,Married,PhD,Marketing,Analyst,5717,20,8,12,Yes
456,25,Female,Single,PhD,IT,Analyst,10574,12,40,9,Yes
457,51,Female,Single,Master's,Finance,Developer,8265,3,25,0,No
458,43,Male,Married,Master's,HR,Manager,7687,24,28,11,No
459,47,Female,Married,PhD,HR,Developer,10699,3,25,0,Yes
460,64,Female,Divorced,PhD,HR,Designer,5099,4,22,3,No
461,57,Female,Married,PhD,Marketing,Analyst,3739,20,5,4,No
462,42,Female,Single,Master's,Finance,HR Specialist,9701,14,23,4,No
463,58,Female,Married,Bachelor's,IT,Analyst,7304,8,24,5,No
464,49,Male,Divorced,PhD,Finance,Sales Representative,4906,22,28,11,No
465,64,Male,Single,Master's,IT,Manager,6878,0,24,0,Yes
466,64,Female,Single,Bachelor's,HR,Analyst,7579,6,7,5,No
467,54,Male,Single,PhD,Finance,HR Specialist,7677,24,20,24,No
468,35,Female,Divorced,PhD,IT,Sales Representative,4881,26,39,7,No
469,29,Male,Married,Master's,Finance,Analyst,3927,12,9,10,Yes
470,48,Female,Single,Master's,Marketing,HR Specialist,4334,26,18,20,Yes
471,52,Female,Married,PhD,IT,Developer,10358,6,11,3,No
472,26,Female,Divorced,Bachelor's,Finance,Sales Representative,8538,8,14,4,No
473,60,Male,Divorced,Master's,IT,HR Specialist,9049,4,1,3,No
474,46,Male,Divorced,High School,IT,Sales Representative,12073,12,7,0,No
475,38,Male,Married,High School,Finance,Analyst,12709,12,35,7,No
476,40,Male,Married,PhD,Sales,HR Specialist,2685,26,38,23,No
477,60,Female,Divorced,Bachelor's,IT,Analyst,10231,27,29,14,Yes
478,51,Male,Divorced,High School,HR,HR Specialist,12257,11,26,5,No
479,34,Male,Divorced,Bachelor's,Sales,Analyst,13608,28,24,23,No
480,40,Male,Married,PhD,IT,HR Specialist,4849,17,31,17,No
481,62,Female,Divorced,PhD,Finance,Analyst,4680,24,6,6,No
482,53,Male,Married,PhD,Finance,HR Specialist,6480,2,2,1,Yes
483,25,Female,Divorced,Bachelor's,HR,Developer,14813,12,34,3,Yes
484,49,Female,Married,Bachelor's,Sales,Manager,3546,22,12,22,Yes
485,54,Female,Divorced,Master's,Finance,Developer,5603,29,27,23,Yes
486,36,Male,Single,High School,Sales,Analyst,11575,29,40,12,Yes
487,22,Female,Divorced,PhD,Marketing,Developer,13514,6,13,0,Yes
488,38,Male,Single,Master's,Finance,Sales Representative,7670,24,6,10,Yes
489,33,Male,Single,Master's,Sales,Manager,11333,20,13,2,Yes
490,43,Male,Divorced,Master's,HR,Developer,11337,5,40,0,Yes
491,24,Female,Single,High School,IT,Manager,12723,18,30,5,No
492,52,Female,Single,PhD,HR,Sales Representative,3253,2,4,0,No
493,52,Female,Divorced,Master's,HR,Designer,3449,6,12,3,No
494,65,Female,Divorced,Bachelor's,HR,Developer,5365,5,15,0,No
495,23,Male,Married,Master's,Sales,Designer,4189,1,28,1,Yes
496,28,Male,Divorced,PhD,Marketing,Developer,9689,27,35,10,No
497,62,Female,Divorced,High School,IT,Sales Representative,13937,14,38,6,No
498,41,Female,Married,PhD,Marketing,Developer,7973,13,17,3,No
499,43,Female,Single,PhD,Sales,Designer,5681,21,31,12,No
500,38,Male,Married,Master's,Finance,Manager,11584,21,1,9,Yes
501,22,Male,Married,Bachelor's,HR,Analyst,4246,25,31,14,Yes
502,32,Male,Married,High School,HR,Analyst,12747,15,24,3,No
503,59,Female,Married,Master's,Marketing,Designer,13822,9,19,6,Yes
504,33,Female,Divorced,Master's,IT,Designer,7445,29,32,5,No
505,45,Female,Divorced,PhD,IT,Developer,4647,29,36,28,Yes
506,50,Male,Single,High School,Marketing,Analyst,9286,21,31,5,Yes
507,32,Female,Single,PhD,HR,Designer,10794,2,26,2,Yes
508,46,Female,Married,PhD,Finance,Sales Representative,4345,27,25,23,No
509,26,Female,Single,Master's,HR,Manager,14647,9,31,3,No
510,51,Female,Single,Bachelor's,Marketing,Sales Representative,3318,19,15,5,No
511,53,Female,Married,High School,Marketing,Developer,7716,13,23,11,Yes
512,48,Female,Married,High School,HR,Designer,13917,19,6,2,No
513,49,Female,Divorced,High School,HR,Analyst,8685,3,37,0,No
514,29,Male,Single,Master's,Sales,Analyst,9799,2,5,1,Yes
515,56,Male,Single,Master's,Finance,Manager,3344,10,36,3,Yes
516,61,Male,Married,Bachelor's,IT,Developer,8219,18,15,8,No
517,25,Male,Single,PhD,Sales,Analyst,12754,18,8,1,No
518,57,Male,Single,Bachelor's,Finance,Analyst,3114,1,14,1,Yes
519,55,Male,Married,High School,Finance,Designer,10523,24,9,22,No
520,49,Female,Divorced,High School,Sales,Analyst,12129,5,14,0,Yes
521,60,Female,Single,PhD,Marketing,Analyst,10388,10,28,8,No
522,55,Female,Single,High School,Marketing,Designer,5299,8,34,7,No
523,38,Male,Married,Bachelor's,Finance,Manager,8119,15,13,3,Yes
524,45,Male,Divorced,Bachelor's,Sales,Sales Representative,3386,23,2,1,No
525,31,Female,Married,Bachelor's,Sales,Manager,11947,2,26,1,Yes
526,44,Female,Married,High School,HR,HR Specialist,6096,8,34,2,No
527,47,Female,Divorced,Bachelor's,IT,HR Specialist,5626,17,30,13,Yes
528,49,Male,Married,Master's,IT,HR Specialist,7373,13,27,13,Yes
529,36,Male,Divorced,Master's,Sales,HR Specialist,11638,24,19,15,Yes
530,49,Male,Married,High School,Marketing,Designer,11796,10,32,1,Yes
531,38,Male,Divorced,Bachelor's,Marketing,Analyst,5202,19,38,9,Yes
532,50,Male,Single,Bachelor's,Finance,Developer,8251,9,5,5,Yes
533,26,Female,Married,Bachelor's,HR,Sales Representative,12851,20,39,9,No
534,50,Male,Divorced,Master's,Sales,Developer,11970,26,2,22,Yes
535,46,Male,Divorced,PhD,Finance,HR Specialist,7966,0,4,0,No
536,37,Female,Married,Bachelor's,HR,HR Specialist,11034,18,36,13,No
537,25,Female,Divorced,Bachelor's,IT,HR Specialist,2917,19,22,15,Yes
538,35,Female,Married,Bachelor's,HR,Sales Representative,6621,30,29,15,No
539,28,Male,Married,High School,Marketing,Developer,14065,10,21,3,Yes
540,23,Male,Single,High School,Finance,Developer,13825,14,33,9,Yes
541,37,Female,Divorced,Bachelor's,Finance,Developer,3252,0,13,0,No
542,56,Female,Married,Bachelor's,HR,Analyst,14152,28,19,6,Yes
543,39,Female,Single,PhD,HR,Sales Representative,8768,11,34,1,No
544,28,Female,Single,PhD,HR,HR Specialist,11472,22,14,9,Yes
545,64,Female,Married,Bachelor's,Sales,HR Specialist,8804,23,17,7,Yes
546,57,Male,Single,High School,Sales,Developer,12922,28,22,4,No
547,64,Male,Married,Master's,Marketing,Manager,8422,18,9,4,Yes
548,58,Female,Married,Bachelor's,Marketing,Manager,10377,4,14,0,No
549,36,Female,Divorced,Master's,IT,Sales Representative,3623,22,35,10,Yes
550,56,Male,Divorced,Master's,IT,Designer,12659,4,15,4,Yes
551,36,Female,Single,Bachelor's,IT,Analyst,11285,13,26,4,No
552,30,Male,Single,PhD,Sales,Analyst,3998,2,24,2,Yes
553,25,Male,Single,PhD,Sales,Developer,11914,2,30,1,Yes
554,48,Male,Single,High School,Marketing,Analyst,11350,13,18,4,Yes
555,42,Male,Divorced,Bachelor's,IT,HR Specialist,14056,13,23,6,No
556,61,Male,Divorced,High School,Sales,HR Specialist,12507,7,13,0,Yes
557,52,Female,Married,High School,IT,HR Specialist,9418,30,38,20,No
558,64,Male,Married,PhD,HR,Sales Representative,11000,24,31,4,No
559,48,Male,Divorced,PhD,HR,Sales Representative,10252,6,32,4,No
560,55,Male,Divorced,PhD,Finance,Sales Representative,8216,18,8,13,Yes
561,35,Male,Single,High School,HR,Analyst,10695,7,17,6,Yes
562,36,Female,Single,High School,Finance,Designer,10160,30,7,6,No
563,36,Male,Married,Master's,Sales,Developer,13192,13,7,11,No
564,31,Female,Married,Master's,Sales,Designer,5644,16,34,9,No
565,59,Male,Divorced,Master's,Sales,Designer,12101,24,12,14,Yes
566,41,Female,Married,Bachelor's,IT,Sales Representative,9742,13,6,3,No
567,53,Female,Divorced,High School,HR,Designer,6973,6,36,1,Yes
568,48,Male,Divorced,Bachelor's,Marketing,Designer,2807,17,26,4,Yes
569,32,Male,Single,High School,Finance,HR Specialist,6040,15,18,7,No
570,35,Female,Single,High School,HR,Designer,14032,8,34,4,Yes
571,37,Female,Married,High School,HR,Sales Representative,3271,3,27,3,Yes
572,41,Female,Single,High School,Finance,HR Specialist,3166,18,23,17,No
573,30,Male,Divorced,Bachelor's,IT,Manager,7007,21,34,2,No
574,33,Male,Single,High School,Marketing,Sales Representative,4881,25,35,22,No
575,25,Female,Married,PhD,Finance,Manager,4922,26,19,11,No
576,45,Male,Divorced,Bachelor's,IT,Sales Representative,4346,10,15,9,Yes
577,61,Female,Married,Master's,HR,Analyst,8210,12,10,8,No
578,50,Male,Single,Bachelor's,Finance,Designer,12777,18,34,1,Yes
579,40,Male,Divorced,High School,Finance,Sales Representative,5053,8,10,4,Yes
580,60,Female,Single,High School,Sales,Sales Representative,10644,0,28,0,No
581,26,Female,Married,PhD,Finance,Designer,8003,9,20,3,Yes
582,50,Female,Single,Bachelor's,Marketing,HR Specialist,7034,13,9,0,No
583,28,Male,Divorced,Bachelor's,IT,Manager,4405,25,13,0,No
584,39,Male,Single,PhD,Marketing,Designer,3705,16,40,15,Yes
585,46,Female,Divorced,Bachelor's,Finance,Sales Representative,13476,27,12,12,No
586,48,Female,Divorced,High School,HR,Analyst,5976,28,40,27,No
587,60,Female,Single,Bachelor's,IT,Developer,6951,0,36,0,No
588,39,Male,Single,Bachelor's,Sales,Designer,13191,6,12,1,No
589,58,Male,Single,Master's,Finance,Designer,4535,24,22,0,No
590,50,Male,Single,Master's,Marketing,Analyst,10032,20,3,17,Yes
591,48,Female,Single,Master's,Marketing,Sales Representative,11468,15,18,1,Yes
592,29,Male,Married,PhD,Marketing,Manager,2923,22,29,17,Yes
593,46,Male,Divorced,PhD,Sales,Designer,5405,19,7,3,Yes
594,31,Male,Single,PhD,IT,Analyst,9186,0,27,0,Yes
595,31,Female,Divorced,PhD,HR,Developer,9499,30,0,6,No
596,28,Female,Single,High School,HR,Developer,6963,7,33,7,No
597,22,Male,Single,PhD,IT,HR Specialist,8312,7,22,4,No
598,24,Male,Divorced,Master's,Finance,HR Specialist,3378,21,25,19,No
599,56,Male,Divorced,High School,HR,HR Specialist,10933,1,30,1,No
600,40,Female,Single,Bachelor's,Marketing,HR Specialist,3037,9,12,3,Yes
601,22,Male,Divorced,High School,Marketing,HR Specialist,10162,23,36,20,No
602,53,Male,Divorced,High School,Marketing,Designer,11521,18,16,5,No
603,51,Female,Single,Bachelor's,HR,Manager,4708,30,7,9,No
604,34,Female,Divorced,Master's,IT,HR Specialist,3738,9,25,3,No
605,60,Female,Divorced,Master's,Finance,HR Specialist,14761,12,32,8,No
606,53,Female,Single,High School,HR,Sales Representative,4346,10,11,10,Yes
607,31,Male,Single,Master's,Finance,Designer,3217,7,7,7,No
608,36,Male,Married,Bachelor's,Finance,Manager,7603,5,12,2,No
609,26,Female,Divorced,Master's,IT,Designer,14905,27,21,4,No
610,61,Female,Single,High School,Finance,HR Specialist,14558,8,34,5,No
611,53,Male,Single,Master's,IT,Developer,11855,28,12,18,No
612,25,Male,Single,Bachelor's,HR,Manager,11813,0,33,0,No
613,49,Male,Single,PhD,HR,Developer,5440,23,33,22,No
614,39,Female,Single,PhD,IT,Developer,5338,10,35,2,Yes
615,53,Male,Married,Bachelor's,IT,Designer,4132,7,26,1,No
616,47,Male,Single,Master's,Finance,Developer,10787,25,30,25,No
617,23,Male,Married,Master's,Finance,HR Specialist,13669,26,32,5,Yes
618,33,Female,Married,Master's,Sales,Developer,7522,20,33,0,No
619,48,Male,Single,High School,Sales,Manager,9540,22,26,10,Yes
620,65,Male,Married,High School,IT,Designer,7539,27,18,22,Yes
621,62,Male,Married,Bachelor's,IT,Sales Representative,12177,24,1,14,No
622,33,Female,Single,PhD,HR,HR Specialist,6447,14,37,1,Yes
623,29,Female,Single,High School,IT,Manager,6829,6,10,6,Yes
624,63,Female,Single,Master's,Marketing,Developer,6540,6,37,5,No
625,59,Female,Married,Master's,HR,Sales Representative,11387,29,21,24,Yes
626,46,Male,Divorced,Master's,HR,Developer,6437,17,3,2,No
627,26,Female,Single,PhD,IT,Manager,3743,17,6,5,No
628,60,Male,Divorced,High School,Sales,Manager,3391,29,30,4,No
629,27,Male,Married,Master's,IT,Sales Representative,10597,22,35,4,No
630,37,Male,Single,Bachelor's,Marketing,Analyst,2854,10,31,9,No
631,58,Male,Married,High School,HR,Designer,4213,7,16,6,Yes
632,52,Male,Married,Master's,IT,Sales Representative,4919,12,29,8,No
633,53,Female,Single,Master's,Marketing,Analyst,11670,24,27,2,No
634,33,Female,Married,PhD,Marketing,HR Specialist,5160,24,3,2,No
635,39,Female,Divorced,High School,Marketing,Analyst,11836,29,5,14,No
636,30,Female,Divorced,Bachelor's,HR,Designer,13701,28,25,17,Yes
637,39,Male,Single,Master's,IT,Analyst,8165,28,28,1,Yes
638,32,Female,Married,Master's,Marketing,Manager,3635,9,0,9,No
639,62,Female,Divorced,High School,Finance,Sales Representative,6291,16,11,6,No
640,30,Male,Married,Bachelor's,Finance,Manager,14419,19,14,5,No
641,23,Male,Single,Bachelor's,Sales,Sales Representative,3264,4,32,2,No
642,56,Female,Married,Bachelor's,Sales,Sales Representative,12114,20,0,6,Yes
643,50,Female,Married,High School,Marketing,Developer,2507,10,24,1,Yes
644,60,Female,Single,PhD,Sales,Developer,7340,28,2,21,Yes
645,64,Male,Single,PhD,Finance,HR Specialist,5621,30,5,25,Yes
646,64,Female,Single,PhD,Marketing,Analyst,10191,19,20,10,Yes
647,36,Female,Married,Bachelor's,Marketing,Manager,14588,14,22,14,Yes
648,42,Female,Married,PhD,Finance,Analyst,7192,3,22,0,Yes
649,50,Male,Married,High School,Finance,Designer,12215,30,0,19,No
650,46,Male,Single,Bachelor's,HR,Developer,5287,3,20,3,Yes
651,63,Male,Divorced,Bachelor's,Marketing,Developer,11136,14,38,3,Yes
652,59,Male,Single,PhD,IT,Designer,10981,4,3,2,No
653,64,Female,Single,High School,Marketing,Manager,13574,8,33,2,No
654,32,Male,Divorced,High School,Sales,HR Specialist,7255,6,40,4,No
655,43,Female,Married,High School,Finance,Designer,6269,6,40,6,No
656,31,Female,Single,PhD,HR,HR Specialist,12636,21,19,17,Yes
657,46,Female,Single,PhD,Sales,Sales Representative,3901,15,3,10,Yes
658,50,Female,Single,Master's,Sales,HR Specialist,14653,24,26,16,No
659,53,Male,Married,Bachelor's,Finance,Manager,6311,19,1,7,Yes
660,56,Male,Married,PhD,HR,Analyst,10844,25,14,18,No
661,35,Female,Single,Master's,HR,Sales Representative,4745,21,10,18,No
662,35,Female,Married,Bachelor's,Finance,HR Specialist,11136,21,15,11,No
663,47,Female,Single,High School,Finance,Manager,6051,28,14,24,No
664,64,Female,Single,High School,IT,HR Specialist,6089,15,6,11,No
665,29,Male,Married,High School,HR,HR Specialist,12568,17,0,1,Yes
666,23,Female,Married,PhD,Finance,Sales Representative,5584,19,24,1,Yes
667,36,Male,Married,High School,HR,Designer,6610,2,32,2,Yes
668,47,Female,Married,Bachelor's,Sales,Developer,11455,10,16,10,Yes
669,50,Female,Married,PhD,Finance,HR Specialist,14208,22,32,21,No
670,44,Male,Divorced,PhD,Sales,HR Specialist,7995,20,14,8,No
671,25,Male,Single,PhD,Marketing,Developer,10949,22,40,0,No
672,58,Female,Single,High School,IT,Developer,13328,15,10,15,Yes
673,31,Male,Single,Bachelor's,Marketing,Developer,11288,18,33,16,Yes
674,35,Female,Divorced,PhD,Sales,Analyst,7554,1,1,0,Yes
675,24,Female,Divorced,High School,Finance,Designer,3566,6,9,4,No
676,26,Female,Single,High School,Marketing,Manager,10382,29,26,2,Yes
677,24,Male,Married,High School,Finance,Developer,9018,2,27,1,Yes
678,43,Male,Single,PhD,Sales,Sales Representative,2663,5,7,1,No
679,52,Male,Single,High School,Finance,Designer,13659,19,2,0,Yes
680,31,Male,Single,PhD,Finance,Designer,6856,18,22,17,Yes
681,62,Female,Married,PhD,Sales,Designer,4366,6,33,5,Yes
682,34,Female,Married,Master's,Marketing,Manager,9368,4,37,3,Yes
683,35,Male,Single,Bachelor's,Finance,Developer,14757,4,20,2,No
684,28,Female,Divorced,Master's,Marketing,Manager,10959,12,30,4,No
685,34,Male,Single,Bachelor's,IT,Manager,11830,4,16,0,Yes
686,49,Female,Single,Bachelor's,IT,Analyst,8466,13,10,3,Yes
687,30,Male,Divorced,Bachelor's,Sales,Manager,9106,12,33,3,No
688,53,Female,Married,High School,Finance,HR Specialist,6875,6,14,6,Yes
689,53,Male,Single,PhD,HR,Developer,4298,10,39,2,Yes
690,25,Female,Married,PhD,HR,Developer,9836,11,2,10,Yes
691,62,Female,Married,High School,Marketing,Sales Representative,10174,3,34,1,Yes
692,34,Male,Married,Bachelor's,Marketing,Sales Representative,10275,16,35,9,No
693,60,Male,Single,Master's,Finance,Sales Representative,7437,6,16,0,No
694,26,Male,Single,Bachelor's,Marketing,Developer,7711,29,29,0,Yes
695,49,Male,Divorced,Bachelor's,HR,Sales Representative,7327,18,37,7,Yes
696,57,Male,Divorced,Master's,Marketing,Analyst,13864,3,36,3,Yes
697,60,Male,Married,Bachelor's,Sales,Manager,14265,2,39,0,Yes
698,46,Male,Single,PhD,IT,Manager,9590,28,18,6,Yes
699,43,Male,Married,Master's,IT,Manager,4368,17,1,0,Yes
700,44,Female,Married,High School,Finance,Developer,4451,5,13,5,Yes
701,29,Male,Single,PhD,Marketing,Developer,14847,29,27,20,No
702,38,Male,Single,High School,Sales,Manager,8616,13,1,9,Yes
703,65,Male,Divorced,Master's,Finance,Developer,3694,21,15,8,Yes
704,24,Female,Divorced,PhD,HR,Developer,8486,30,25,13,No
705,45,Male,Single,PhD,IT,Manager,7772,10,34,7,No
706,36,Male,Married,Bachelor's,HR,HR Specialist,8152,19,40,11,No
707,52,Male,Married,Master's,HR,Manager,8202,5,14,1,No
708,62,Male,Divorced,PhD,HR,Designer,13212,5,30,0,No
709,42,Male,Single,Master's,Sales,Manager,4782,9,15,1,No
710,22,Female,Single,High School,Finance,Analyst,6320,28,27,4,Yes
711,36,Female,Single,PhD,IT,Analyst,13023,26,35,0,Yes
712,62,Female,Single,High School,IT,Developer,12082,19,23,16,No
713,49,Male,Divorced,Master's,HR,Sales Representative,4630,22,29,8,No
714,63,Male,Married,Master's,Sales,HR Specialist,4483,11,34,7,Yes
715,56,Male,Single,PhD,HR,Developer,7966,10,6,7,No
716,51,Female,Single,High School,HR,HR Specialist,11612,17,1,16,No
717,54,Male,Single,Bachelor's,IT,HR Specialist,3283,26,36,13,Yes
718,30,Male,Single,Master's,HR,Analyst,6788,19,0,10,Yes
719,32,Male,Married,High School,Sales,Designer,8760,10,21,5,No
720,37,Male,Married,PhD,Sales,Developer,3235,27,37,24,Yes
721,59,Female,Married,Master's,IT,Manager,3056,26,25,6,No
722,45,Female,Divorced,Bachelor's,IT,HR Specialist,5140,23,10,17,Yes
723,50,Male,Married,Master's,Marketing,Designer,12237,10,4,2,No
724,65,Female,Divorced,Master's,Finance,HR Specialist,3922,9,9,6,No
725,25,Female,Divorced,Master's,IT,Manager,6559,0,4,0,Yes
726,50,Female,Divorced,High School,Marketing,Developer,4750,16,14,8,Yes
727,26,Male,Single,Bachelor's,Finance,Manager,10608,17,20,16,No
728,51,Male,Married,Bachelor's,Finance,Designer,8599,5,13,2,Yes
729,45,Female,Single,High School,HR,Analyst,13071,10,34,1,Yes
730,41,Male,Divorced,High School,HR,Developer,3690,6,37,1,No
731,44,Male,Married,Bachelor's,IT,Designer,12289,22,20,4,No
732,56,Male,Married,Bachelor's,HR,Developer,11708,21,22,2,No
733,51,Male,Married,PhD,HR,HR Specialist,14932,5,4,4,No
734,63,Male,Divorced,Bachelor's,HR,Developer,10117,6,2,3,No
735,40,Male,Single,Master's,Finance,Manager,10008,0,0,0,Yes
736,60,Female,Single,High School,Finance,Sales Representative,11865,25,5,6,Yes
737,33,Male,Divorced,Bachelor's,Marketing,HR Specialist,13388,9,26,0,Yes
738,49,Male,Divorced,Master's,IT,Manager,5494,15,18,12,No
739,43,Male,Divorced,PhD,HR,Designer,3856,1,39,0,Yes
740,40,Female,Divorced,Bachelor's,Marketing,Sales Representative,9102,4,25,0,Yes
741,23,Male,Married,Bachelor's,Finance,Sales Representative,11068,20,8,19,Yes
742,44,Female,Married,Master's,Marketing,Manager,7150,6,23,5,Yes
743,52,Male,Married,High School,HR,Developer,11827,6,40,2,No
744,45,Female,Single,Master's,IT,HR Specialist,6328,27,22,27,Yes
745,57,Female,Single,PhD,Marketing,HR Specialist,4665,0,29,0,Yes
746,27,Male,Divorced,Master's,IT,Developer,12213,8,19,4,Yes
747,61,Male,Single,PhD,Finance,HR Specialist,8630,23,2,19,No
748,40,Female,Married,Master's,IT,Sales Representative,7501,7,14,2,Yes
749,31,Female,Divorced,PhD,IT,Analyst,4121,13,5,4,Yes
750,50,Male,Married,High School,Sales,Manager,7167,18,21,5,No
751,50,Male,Single,PhD,Marketing,Analyst,10345,25,8,4,No
752,23,Male,Married,Master's,IT,Developer,9603,6,9,0,Yes
753,60,Female,Divorced,High School,Finance,Analyst,12501,21,0,14,No
754,42,Male,Married,High School,HR,Sales Representative,13862,0,38,0,Yes
755,44,Female,Divorced,Bachelor's,HR,Manager,13224,22,10,3,No
756,54,Male,Married,High School,Finance,Sales Representative,14738,10,31,8,No
757,23,Female,Single,Master's,Marketing,Developer,10317,12,14,2,Yes
758,36,Female,Married,PhD,Marketing,Analyst,11287,7,39,6,No
759,65,Female,Single,PhD,IT,HR Specialist,7443,3,10,2,No
760,29,Female,Married,PhD,Marketing,Designer,4261,17,18,17,Yes
761,41,Female,Single,Bachelor's,Marketing,Analyst,7788,12,23,10,Yes
762,34,Male,Divorced,Master's,IT,Sales Representative,9223,5,22,0,No
763,23,Male,Single,Bachelor's,HR,Manager,5365,9,3,9,Yes
764,38,Female,Single,Bachelor's,Sales,Analyst,3180,14,13,4,No
765,48,Female,Divorced,Bachelor's,Finance,Manager,4221,19,38,15,Yes
766,22,Female,Single,Bachelor's,Marketing,Manager,10097,7,36,2,Yes
767,54,Male,Divorced,High School,IT,Manager,3128,10,5,2,Yes
768,36,Male,Single,High School,HR,HR Specialist,7941,9,0,9,Yes
769,25,Female,Divorced,High School,Marketing,Sales Representative,10356,6,39,2,No
770,23,Female,Married,Master's,Marketing,Designer,3711,15,2,15,No
771,30,Female,Married,PhD,Sales,Sales Representative,4229,25,38,20,Yes
772,57,Male,Divorced,Master's,IT,Manager,11709,10,22,7,No
773,64,Female,Married,Bachelor's,Marketing,HR Specialist,6142,11,12,0,No
774,38,Female,Single,Master's,HR,Designer,4031,29,13,12,No
775,35,Male,Married,High School,Marketing,Analyst,10869,29,11,8,No
776,58,Male,Divorced,High School,Finance,HR Specialist,6864,14,40,6,Yes
777,34,Male,Single,Master's,Finance,Developer,11356,23,7,20,No
778,45,Female,Single,Master's,Finance,HR Specialist,11424,6,14,5,Yes
779,65,Male,Divorced,Master's,Marketing,Designer,13234,16,37,10,Yes
780,36,Female,Married,PhD,IT,Developer,12408,7,15,4,Yes
781,27,Female,Married,Bachelor's,IT,HR Specialist,5920,18,31,6,No
782,38,Male,Single,High School,Marketing,HR Specialist,5914,14,38,0,No
783,30,Male,Married,Bachelor's,IT,Analyst,2883,21,16,10,No
784,32,Female,Single,Master's,Marketing,Designer,11563,4,8,2,No
785,55,Female,Married,Bachelor's,Finance,Analyst,4563,9,21,8,No
786,49,Male,Married,PhD,Marketing,HR Specialist,14247,13,8,2,No
787,55,Female,Single,Bachelor's,Finance,Analyst,14700,6,40,1,Yes
788,31,Male,Married,Master's,Marketing,Analyst,3302,13,3,7,No
789,33,Male,Single,PhD,IT,Manager,5791,15,27,1,No
790,62,Male,Married,PhD,HR,Sales Representative,6274,12,1,5,No
791,34,Female,Single,High School,Finance,Sales Representative,12405,15,28,15,Yes
792,31,Female,Single,Master's,Finance,Sales Representative,5282,24,28,1,No
793,61,Male,Married,PhD,HR,Manager,4180,13,35,2,No
794,38,Female,Single,High School,Sales,Designer,5272,27,21,11,Yes
795,47,Male,Divorced,PhD,IT,Developer,13096,21,17,20,Yes
796,50,Female,Single,Master's,Finance,Designer,13825,16,25,14,No
797,44,Male,Divorced,PhD,IT,Analyst,11135,30,14,3,Yes
798,22,Male,Single,Bachelor's,HR,Designer,10657,5,37,4,No
799,32,Male,Single,PhD,IT,Developer,3320,17,16,13,Yes
800,43,Female,Married,High School,Finance,Manager,11648,0,39,0,No
801,46,Female,Married,Bachelor's,Sales,Designer,8109,29,8,8,No
802,52,Male,Divorced,Bachelor's,Marketing,Manager,14601,10,35,5,Yes
803,46,Male,Divorced,PhD,IT,Developer,12105,4,8,4,No
804,28,Male,Divorced,High School,Sales,Designer,14066,3,30,1,Yes
805,44,Male,Divorced,High School,Sales,HR Specialist,7059,5,1,2,No
806,51,Male,Married,Bachelor's,IT,Manager,7446,6,32,1,Yes
807,30,Male,Divorced,High School,Marketing,Developer,6241,17,5,2,No
808,54,Female,Married,PhD,Marketing,Developer,14842,2,2,2,No
809,46,Female,Divorced,Bachelor's,HR,Analyst,12060,30,5,13,No
810,47,Male,Single,High School,Marketing,Sales Representative,8120,3,13,2,No
811,55,Female,Divorced,PhD,HR,Analyst,11213,1,8,1,No
812,36,Male,Single,PhD,Marketing,Analyst,9727,17,32,17,No
813,41,Male,Divorced,High School,HR,Developer,7626,14,10,9,No
814,40,Female,Single,Bachelor's,Finance,Manager,4613,21,24,11,No
815,41,Male,Divorced,PhD,HR,HR Specialist,4763,22,29,9,Yes
816,32,Female,Divorced,High School,IT,Designer,6176,11,6,8,Yes
817,58,Female,Married,High School,Finance,HR Specialist,3148,9,15,2,No
818,35,Male,Single,PhD,Sales,Analyst,11942,15,8,9,Yes
819,58,Female,Divorced,PhD,HR,Analyst,3933,12,3,8,Yes
820,46,Male,Married,High School,Finance,HR Specialist,12290,0,11,0,Yes
821,52,Male,Divorced,High School,IT,Developer,5231,1,7,0,Yes
822,31,Female,Divorced,Bachelor's,IT,HR Specialist,13668,7,22,3,Yes
823,43,Male,Single,High School,Finance,Manager,4469,11,34,7,Yes
824,64,Male,Divorced,Bachelor's,HR,Designer,7454,10,27,10,Yes
825,31,Male,Single,Bachelor's,Marketing,Analyst,6497,19,21,7,Yes
826,55,Female,Single,Master's,Sales,Sales Representative,6226,20,25,15,No
827,41,Female,Married,Master's,HR,Analyst,14453,27,6,27,No
828,56,Male,Divorced,Master's,Sales,Manager,4989,28,1,18,Yes
829,52,Male,Divorced,Bachelor's,IT,Sales Representative,12164,22,22,9,Yes
830,59,Male,Single,PhD,Sales,Designer,6441,4,20,3,No
831,60,Male,Divorced,Master's,Marketing,Analyst,12071,14,40,0,Yes
832,33,Female,Married,Bachelor's,Sales,Designer,5930,5,8,3,No
833,30,Female,Divorced,High School,Sales,Designer,5179,5,33,3,Yes
834,28,Female,Married,Master's,Marketing,Analyst,10647,21,13,15,Yes
835,33,Male,Divorced,High School,IT,Manager,7319,3,10,1,No
836,38,Male,Single,Master's,Marketing,Manager,2532,2,16,1,Yes
837,62,Female,Married,PhD,HR,HR Specialist,6412,22,31,19,No
838,60,Female,Single,PhD,Finance,Manager,9001,15,31,8,No
839,46,Female,Single,Bachelor's,Marketing,HR Specialist,13898,27,35,19,Yes
840,32,Male,Single,Bachelor's,Marketing,HR Specialist,8837,7,22,6,Yes
841,27,Male,Divorced,Bachelor's,HR,Analyst,7059,19,36,18,Yes
842,29,Female,Married,High School,IT,HR Specialist,7408,30,10,12,Yes
843,30,Female,Married,Bachelor's,Marketing,Manager,10948,22,38,8,No
844,61,Male,Single,Master's,Marketing,Developer,3343,1,25,1,No
845,62,Male,Divorced,Bachelor's,Marketing,Developer,6075,20,30,4,Yes
846,28,Male,Divorced,Master's,Sales,Developer,5812,23,38,2,Yes
847,33,Female,Married,High School,IT,Manager,3427,14,13,12,No
848,33,Female,Divorced,Master's,HR,Designer,6550,12,18,10,Yes
849,49,Male,Divorced,High School,IT,Developer,7679,24,32,13,Yes
850,50,Female,Single,Bachelor's,Finance,Sales Representative,13932,17,0,6,Yes
851,54,Male,Divorced,Bachelor's,Marketing,Sales Representative,12010,11,14,1,No
852,28,Male,Single,PhD,Finance,Manager,2982,15,5,13,No
853,33,Male,Single,PhD,Finance,Designer,7859,11,15,7,Yes
854,65,Female,Married,Master's,HR,Designer,13098,7,13,7,No
855,63,Female,Single,High School,IT,Sales Representative,7274,7,20,5,No
856,34,Female,Divorced,High School,Sales,Analyst,8734,21,24,13,No
857,23,Male,Married,High School,IT,Manager,14099,12,19,12,No
858,40,Female,Single,PhD,IT,HR Specialist,6619,6,15,5,Yes
859,22,Female,Single,Master's,HR,HR Specialist,4686,15,30,15,No
860,27,Male,Married,High School,HR,Analyst,12012,0,4,0,No
861,45,Female,Married,Bachelor's,Sales,Developer,5742,12,16,10,Yes
862,56,Male,Single,Bachelor's,IT,Manager,11461,12,3,6,Yes
863,61,Female,Married,Bachelor's,Sales,Developer,7270,4,18,2,Yes
864,65,Male,Divorced,High School,HR,Sales Representative,6289,27,28,27,Yes
865,30,Male,Married,Master's,HR,Manager,4806,15,32,8,Yes
866,41,Male,Divorced,Bachelor's,Sales,Analyst,14222,10,32,9,Yes
867,45,Male,Married,Bachelor's,Marketing,Designer,8561,29,20,15,No
868,53,Male,Divorced,Master's,Finance,HR Specialist,3752,18,19,4,No
869,54,Female,Single,Bachelor's,Finance,Developer,7292,4,2,2,No
870,61,Female,Divorced,PhD,Sales,Developer,11565,29,33,2,No
871,57,Female,Divorced,High School,Finance,Developer,8058,1,18,0,Yes
872,56,Female,Divorced,Bachelor's,HR,Sales Representative,14061,23,35,13,No
873,57,Female,Single,PhD,Finance,Analyst,12325,17,40,3,Yes
874,34,Female,Married,Bachelor's,Sales,Sales Representative,8553,27,4,20,Yes
875,59,Male,Divorced,Master's,Marketing,Sales Representative,10482,28,14,19,Yes
876,43,Female,Divorced,High School,Sales,Developer,8515,20,7,8,Yes
877,35,Male,Divorced,High School,Marketing,Designer,9430,6,22,2,Yes
878,29,Female,Married,Bachelor's,HR,Developer,11330,28,22,15,No
879,46,Female,Married,Bachelor's,Marketing,Manager,4888,13,11,10,Yes
880,56,Male,Single,Master's,Finance,Designer,9972,21,32,5,Yes
881,38,Female,Married,Bachelor's,Marketing,Designer,3925,25,12,8,Yes
882,55,Male,Single,Master's,Sales,Sales Representative,9950,28,32,22,Yes
883,40,Male,Married,Master's,Marketing,Analyst,3578,2,30,0,No
884,49,Male,Divorced,Master's,Finance,Sales Representative,14039,5,16,4,Yes
885,57,Female,Single,Master's,Finance,Manager,13972,7,22,2,Yes
886,41,Male,Divorced,Master's,Marketing,Sales Representative,6822,7,20,3,No
887,63,Male,Divorced,Bachelor's,Marketing,HR Specialist,10184,11,17,5,Yes
888,44,Male,Divorced,Master's,IT,Developer,13186,11,8,1,Yes
889,62,Female,Married,PhD,IT,HR Specialist,13738,29,18,1,No
890,39,Female,Single,High School,Sales,Sales Representative,7453,29,21,27,Yes
891,56,Male,Single,Master's,IT,Manager,12732,1,27,1,Yes
892,39,Female,Single,PhD,IT,Analyst,8753,17,18,6,Yes
893,34,Female,Divorced,High School,Sales,Analyst,3605,28,6,18,No
894,59,Female,Married,High School,Finance,HR Specialist,6014,7,33,5,Yes
895,52,Female,Divorced,Bachelor's,Marketing,Manager,5975,18,24,17,Yes
896,26,Male,Married,Bachelor's,HR,Designer,5886,5,8,4,No
897,65,Male,Married,High School,Sales,Designer,10350,17,6,13,Yes
898,24,Male,Divorced,Bachelor's,Finance,HR Specialist,12688,22,22,11,No
899,64,Male,Divorced,Master's,IT,Analyst,11135,28,15,27,Yes
900,54,Female,Single,Master's,IT,Developer,6460,0,3,0,Yes
901,57,Male,Divorced,PhD,Finance,Manager,9019,23,40,22,Yes
902,27,Male,Divorced,Bachelor's,HR,Sales Representative,9693,7,3,1,No
903,35,Male,Divorced,High School,IT,Developer,10584,11,2,9,No
904,25,Male,Single,PhD,Marketing,Sales Representative,5646,25,31,0,Yes
905,39,Male,Single,Bachelor's,Marketing,Designer,11978,23,10,15,Yes
906,59,Male,Single,Bachelor's,Finance,HR Specialist,14438,6,14,0,No
907,44,Female,Single,High School,Marketing,Sales Representative,14345,26,30,14,No
908,46,Male,Divorced,High School,IT,HR Specialist,12633,13,17,13,Yes
909,23,Female,Married,PhD,HR,Developer,12632,4,15,3,No
910,59,Female,Single,Master's,Sales,Analyst,11146,22,5,19,Yes
911,45,Male,Married,Master's,HR,Manager,11509,30,34,10,Yes
912,30,Female,Divorced,High School,IT,Sales Representative,2605,26,2,5,No
913,31,Female,Married,Master's,Marketing,Designer,14115,14,24,13,No
914,33,Female,Married,PhD,Marketing,Analyst,4522,11,10,7,No
915,50,Female,Single,Bachelor's,Finance,HR Specialist,11864,12,2,6,Yes
916,28,Male,Divorced,Bachelor's,Sales,Developer,11541,27,12,2,Yes
917,45,Male,Divorced,Bachelor's,Sales,Sales Representative,8673,26,12,8,Yes
918,30,Male,Married,Bachelor's,Finance,Designer,5137,26,6,13,No
919,40,Male,Single,PhD,Finance,Developer,6122,29,32,8,Yes
920,53,Female,Single,Bachelor's,Marketing,Sales Representative,5094,8,32,0,Yes
921,61,Male,Divorced,High School,Finance,Analyst,5798,14,0,11,No
922,62,Female,Divorced,Master's,IT,HR Specialist,8074,2,29,1,Yes
923,30,Female,Divorced,Master's,Marketing,Analyst,13789,11,33,4,Yes
924,48,Female,Single,Bachelor's,IT,Sales Representative,12904,5,3,2,Yes
925,31,Male,Single,PhD,Finance,Sales Representative,6185,0,34,0,No
926,24,Male,Married,High School,Finance,Sales Representative,8833,19,13,6,No
927,63,Female,Single,High School,Finance,HR Specialist,5703,26,19,0,No
928,55,Female,Single,High School,Marketing,Developer,5369,19,19,9,Yes
929,60,Female,Married,PhD,Finance,Manager,5286,26,26,22,Yes
930,24,Female,Single,PhD,HR,Designer,13409,29,38,6,No
931,34,Male,Married,Bachelor's,IT,Designer,3164,2,35,1,No
932,43,Male,Single,High School,IT,Analyst,14187,28,9,24,No
933,45,Female,Single,High School,Sales,Developer,14151,11,27,0,Yes
934,41,Female,Married,Master's,Marketing,Designer,10481,3,16,2,No
935,37,Male,Single,Bachelor's,HR,Designer,5672,17,9,15,No
936,34,Female,Divorced,PhD,Marketing,Analyst,14972,13,16,6,Yes
937,33,Male,Single,Bachelor's,IT,Manager,7210,0,6,0,No
938,22,Male,Divorced,Bachelor's,Sales,Designer,10640,12,32,6,No
939,54,Male,Married,High School,IT,Analyst,3188,29,17,28,Yes
940,52,Male,Single,Master's,IT,Developer,3743,19,9,12,No
941,28,Male,Single,High School,Finance,Developer,3082,12,19,12,No
942,48,Male,Divorced,High School,Sales,Manager,2854,20,1,11,No
943,50,Female,Divorced,Bachelor's,IT,Manager,5078,8,35,2,Yes
944,44,Male,Single,Master's,HR,HR Specialist,13726,4,3,2,Yes
945,26,Female,Single,High School,Finance,Analyst,8148,0,2,0,No
946,40,Female,Single,Bachelor's,HR,Developer,9169,18,9,7,Yes
947,28,Male,Single,Master's,Finance,Analyst,5915,3,39,2,No
948,25,Female,Divorced,Bachelor's,Marketing,HR Specialist,7471,11,20,2,No
949,62,Female,Married,PhD,Marketing,Analyst,10257,23,14,7,No
950,24,Male,Divorced,High School,Sales,Developer,11110,25,29,7,No
951,31,Female,Divorced,PhD,HR,Sales Representative,4381,25,7,24,No
952,23,Male,Divorced,High School,IT,HR Specialist,8805,21,30,16,Yes
953,35,Female,Married,High School,Sales,HR Specialist,3275,17,31,10,Yes
954,45,Male,Divorced,Bachelor's,HR,Manager,10936,0,18,0,Yes
955,36,Male,Divorced,Bachelor's,Marketing,HR Specialist,6850,4,12,4,Yes
956,50,Male,Married,Bachelor's,Marketing,Analyst,7102,5,13,3,Yes
957,40,Male,Married,Bachelor's,Finance,Developer,11041,8,13,3,Yes
958,41,Male,Divorced,Bachelor's,Finance,Developer,13162,21,7,5,Yes
959,39,Male,Single,Bachelor's,Sales,Manager,14133,17,13,2,No
960,34,Female,Divorced,Master's,HR,Designer,9889,8,28,6,Yes
961,32,Male,Single,High School,Sales,Developer,11580,20,38,14,Yes
962,53,Male,Divorced,Master's,HR,Developer,6581,25,11,3,No
963,44,Female,Married,Master's,Marketing,Designer,3273,24,22,5,No
964,37,Male,Divorced,High School,Marketing,Manager,13760,21,37,1,Yes
965,51,Male,Single,Bachelor's,Sales,Developer,13063,2,17,1,Yes
966,60,Female,Divorced,Bachelor's,Finance,Sales Representative,10878,29,13,3,Yes
967,60,Male,Married,High School,IT,Developer,13010,27,6,7,Yes
968,55,Female,Divorced,Bachelor's,Sales,Sales Representative,5229,12,10,5,Yes
969,29,Male,Single,Master's,HR,Manager,3203,21,36,1,Yes
970,24,Female,Divorced,High School,Marketing,Sales Representative,10083,28,3,12,No
971,65,Male,Single,Bachelor's,IT,Manager,4017,24,24,13,Yes
972,48,Female,Divorced,Bachelor's,IT,Sales Representative,9844,23,19,17,No
973,61,Female,Married,Master's,Sales,Analyst,7708,11,13,8,Yes
974,64,Female,Divorced,High School,Finance,Sales Representative,6621,28,18,26,No
975,31,Male,Single,High School,Marketing,Designer,10809,30,27,4,Yes
976,51,Female,Divorced,High School,Marketing,Developer,13137,23,20,8,Yes
977,48,Male,Divorced,Master's,Finance,Designer,14707,19,4,13,No
978,31,Male,Divorced,Bachelor's,IT,Sales Representative,10734,26,19,26,No
979,51,Male,Married,PhD,Sales,Manager,6252,13,26,13,No
980,44,Female,Single,Bachelor's,IT,Developer,9995,23,6,2,No
981,41,Female,Married,PhD,HR,Sales Representative,7364,28,11,18,Yes
982,33,Female,Divorced,Bachelor's,IT,Designer,8181,5,28,3,No
983,43,Female,Single,Bachelor's,Finance,Designer,5080,8,7,0,Yes
984,46,Male,Single,PhD,Marketing,Developer,6673,0,3,0,No
985,52,Female,Single,Bachelor's,Finance,Sales Representative,14832,5,33,1,No
986,41,Male,Divorced,Master's,IT,Developer,9306,28,38,5,No
987,22,Male,Single,High School,HR,Designer,10266,0,31,0,No
988,43,Male,Divorced,PhD,Sales,Sales Representative,7017,30,9,19,No
989,50,Female,Divorced,High School,Marketing,Developer,4217,3,30,0,Yes
990,36,Male,Single,High School,Sales,Manager,7706,11,37,8,Yes
991,26,Male,Divorced,PhD,Sales,Manager,6269,21,15,5,Yes
992,35,Female,Married,Bachelor's,Marketing,Analyst,10854,3,30,1,No
993,54,Male,Married,PhD,HR,Designer,7346,10,16,3,No
994,27,Female,Married,High School,HR,Analyst,14283,30,38,19,Yes
995,62,Female,Married,Master's,IT,HR Specialist,12561,2,10,2,No
996,48,Female,Divorced,Bachelor's,Finance,Developer,10696,21,14,8,Yes
997,30,Female,Married,High School,IT,Manager,7927,14,38,12,No
998,54,Male,Married,Master's,Finance,Manager,6367,10,32,5,Yes
999,53,Female,Divorced,PhD,Finance,Sales Representative,8881,18,28,18,Yes
1000,36,Female,Married,Master's,Sales,Analyst,7827,24,1,3,No
